{
	"providers": [
		{
      "type": "bitmap",
      "file": "minecraft:item/icon/award_alert_default.png",
      "height": 64,
      "ascent": -7,
      "chars": ["a"]
    },
		{
      "type": "bitmap",
      "file": "minecraft:item/icon/award_alert_large.png",
      "height": 80,
      "ascent": -14,
      "chars": ["b"]
    },
    {
      "type": "bitmap",
      "file": "minecraft:item/icon/award_slot.png",
      "height": 26,
      "ascent": -62,
      "chars": ["c"]
    },
    {
      "type": "bitmap",
      "file": "minecraft:item/dialog/award/consul_overworld.png",
      "height": 18,
      "ascent": -66,
      "chars": ["A"]
    },
    {
      "type": "bitmap",
      "file": "minecraft:item/dialog/award/consul_the_nether.png",
      "height": 18,
      "ascent": -66,
      "chars": ["B"]
    },
    {
      "type": "bitmap",
      "file": "minecraft:item/dialog/award/consul_the_end.png",
      "height": 18,
      "ascent": -66,
      "chars": ["C"]
    },
    {
      "type": "bitmap",
      "file": "minecraft:item/dialog/award/bug_hunter1.png",
      "height": 18,
      "ascent": -66,
      "chars": ["D"]
    },
    {
      "type": "bitmap",
      "file": "minecraft:item/dialog/award/bug_hunter2.png",
      "height": 18,
      "ascent": -66,
      "chars": ["E"]
    },
    {
      "type": "bitmap",
      "file": "minecraft:item/dialog/award/bug_hunter3.png",
      "height": 18,
      "ascent": -66,
      "chars": ["F"]
    },
    {
      "type": "bitmap",
      "file": "minecraft:item/dialog/award/bug_hunter4.png",
      "height": 18,
      "ascent": -66,
      "chars": ["G"]
    },
    {
      "type": "bitmap",
      "file": "minecraft:item/dialog/award/booster.png",
      "height": 18,
      "ascent": -66,
      "chars": ["H"]
    },
    {
      "type": "bitmap",
      "file": "minecraft:item/dialog/award/creative.png",
      "height": 18,
      "ascent": -66,
      "chars": ["I"]
    },
    {
      "type": "bitmap",
      "file": "minecraft:item/dialog/award/construction_helmet.png",
      "height": 18,
      "ascent": -66,
      "chars": ["J"]
    },
    {
      "type": "bitmap",
      "file": "minecraft:item/dialog/award/cat_ears_black.png",
      "height": 18,
      "ascent": -66,
      "chars": ["K"]
    },
    {
      "type": "bitmap",
      "file": "minecraft:item/dialog/award/cat_ears_brown.png",
      "height": 18,
      "ascent": -66,
      "chars": ["L"]
    },
    {
      "type": "bitmap",
      "file": "minecraft:item/dialog/award/cat_ears_orange.png",
      "height": 18,
      "ascent": -66,
      "chars": ["M"]
    },
    {
      "type": "bitmap",
      "file": "minecraft:item/dialog/award/cat_ears_white.png",
      "height": 18,
      "ascent": -66,
      "chars": ["N"]
    },
    {
      "type": "bitmap",
      "file": "minecraft:item/dialog/award/genius.png",
      "height": 18,
      "ascent": -66,
      "chars": ["O"]
    },
    {
      "type": "bitmap",
      "file": "minecraft:item/dialog/award/bulb.png",
      "height": 18,
      "ascent": -66,
      "chars": ["P"]
    },
    {
      "type": "space",
      "advances": {
        "|": 3
      }
    },
    {
      "type": "space",
      "advances": {
        ".": -1
      }
    },
    {
      "type": "space",
      "advances": {
        "⨀": -129
      }
    }
  ]
}