{
	"providers": [
		{
			"type": "bitmap",
			"file": "minecraft:item/icon/twentytwo.png",
			"height": 40,
			"ascent": 20,
			"chars": ["⨃⨆⨉⨌"]
		},
		{
			"type": "bitmap",
			"file": "minecraft:item/icon/menu_quit.png",
			"height": 49,
			"ascent": 14,
			"chars": ["⨏"]
		},
		{
			"type": "space",
			"advances": {
				"⨀": -1.5
			}
		},
		{
      "type": "bitmap",
      "file": "minecraft:item/diamond.png",
      "height": 8,
      "ascent": 7,
      "chars": ["⨁"]
        }
	]
}