{
	"providers": [
		{
      "type": "bitmap",
      "file": "minecraft:item/icon/elytra_alert_font.png",
      "height": 7,
      "ascent": -4,
      "chars": ["×='‘’‚"]
    },
    {
      "type": "bitmap",
      "file": "minecraft:item/icon/elytra_alert_default.png",
      "height": 15,
      "ascent": 0,
      "chars": ["‛"]
    },
    {
      "type": "bitmap",
      "file": "minecraft:item/icon/elytra_alert_broken.png",
      "height": 15,
      "ascent": 0,
      "chars": ["¬"]
    },
    {
      "type": "bitmap",
      "file": "minecraft:item/icon/elytra_alert_repaired.png",
      "height": 15,
      "ascent": 0,
      "chars": ["÷"]
    },
    {
      "type": "space",
      "advances": {
        "|": 3
      }
    },
    {
      "type": "space",
      "advances": {
        ".": -1
      }
    },
    {
      "type": "space",
      "advances": {
        "⨀": -129
      }
    }
  ]
}