{
	"providers": [
		{
      "type": "bitmap",
      "file": "minecraft:item/icon/live_alert_font.png",
      "height": 36,
      "ascent": 34,
      "chars": ["abcdefghijklmnopqrstuvwxyz_0123456789"]
    },
    {
      "type": "bitmap",
      "file": "minecraft:item/icon/live_alert.png",
      "height": 59,
      "ascent": 55,
      "chars": ["›"]
    },
    {
      "type": "space",
      "advances": {
        "|": 3
      }
    },
    {
      "type": "space",
      "advances": {
        ".": -1
      }
    },
    {
      "type": "space",
      "advances": {
        "⨀": -129
      }
    }
  ]
}