{
	"providers": [
		{
      "type": "bitmap",
      "file": "minecraft:item/icon/sleep_alert_font.png",
      "height": 11,
      "ascent": -7,
      "chars": ["⁽⁾"]
    },
    {
      "type": "bitmap",
      "file": "minecraft:item/icon/sleep_alert.png",
      "height": 32,
      "ascent": 8,
      "chars": ["-"]
    },
    {
      "type": "space",
      "advances": {
        "|": 3
      }
    },
    {
      "type": "space",
      "advances": {
        ".": -1
      }
    },
    {
      "type": "space",
      "advances": {
        "⨀": -129
      }
    }
  ]
}