{
  "providers": [
    {
      "type": "bitmap",
      "file": "minecraft:item/icon/camera_tutorial.png",
      "height": 24,
      "ascent": 24,
      "chars": ["⨕"]
    },
    {
      "type": "bitmap",
      "file": "minecraft:item/icon/race_tutorial.png",
      "height": 32,
      "ascent": 32,
      "chars": ["Ԡ"]
    },
    {
      "type": "bitmap",
      "file": "minecraft:item/icon/transition.png",
      "height": 4000,
      "ascent": 3000,
      "chars": ["("]
    },
    {
      "type": "bitmap",
      "file": "minecraft:item/icon/common.png",
      "height": 11,
      "ascent": 9,
      "chars": [")"]
    },
    {
      "type": "bitmap",
      "file": "minecraft:item/icon/uncommon.png",
      "height": 11,
      "ascent": 9,
      "chars": ["<"]
    },
    {
      "type": "bitmap",
      "file": "minecraft:item/icon/rare.png",
      "height": 11,
      "ascent": 9,
      "chars": [">"]
    },
    {
      "type": "bitmap",
      "file": "minecraft:item/icon/epic.png",
      "height": 11,
      "ascent": 9,
      "chars": ["⁅"]
    },
    {
      "type": "bitmap",
      "file": "minecraft:item/icon/legendary.png",
      "height": 11,
      "ascent": 9,
      "chars": ["⁆"]
    },
    {
      "type": "bitmap",
      "file": "minecraft:item/icon/event.png",
      "height": 11,
      "ascent": 9,
      "chars": ["¦"]
    },
    {
      "type": "bitmap",
      "file": "minecraft:item/icon/badge.png",
      "height": 11,
      "ascent": 9,
      "chars": ["+"]
    },
    {
      "type": "bitmap",
      "file": "minecraft:item/icon/crate.png",
      "height": 11,
      "ascent": 9,
      "chars": ["["]
    },
    {
      "type": "bitmap",
      "file": "minecraft:item/icon/bonus.png",
      "height": 11,
      "ascent": 9,
      "chars": ["]"]
    },
    {
      "type": "bitmap",
      "file": "minecraft:item/icon/weapon.png",
      "height": 11,
      "ascent": 9,
      "chars": ["‹"]
    },
    {
      "type": "bitmap",
      "file": "minecraft:item/icon/backpack.png",
      "height": 11,
      "ascent": 9,
      "chars": ["⁽"]
    },
    {
      "type": "bitmap",
      "file": "minecraft:item/icon/item.png",
      "height": 11,
      "ascent": 9,
      "chars": ["«"]
    },
    {
      "type": "bitmap",
      "file": "minecraft:item/icon/pet.png",
      "height": 11,
      "ascent": 9,
      "chars": ["¦"]
    },
    {
      "type": "bitmap",
      "file": "minecraft:item/icon/key.png",
      "height": 11,
      "ascent": 9,
      "chars": ["-"]
    },
    {
      "type": "bitmap",
      "file": "minecraft:item/icon/hat.png",
      "height": 11,
      "ascent": 9,
      "chars": ["{"]
    },
    {
      "type": "bitmap",
      "file": "minecraft:item/icon/resource.png",
      "height": 11,
      "ascent": 9,
      "chars": ["}"]
    },
    {
      "type": "bitmap",
      "file": "minecraft:item/icon/live.png",
      "height": 11,
      "ascent": 9,
      "chars": ["®"]
    },
    {
      "type": "bitmap",
      "file": "minecraft:item/badge/twitch.png",
      "height": 11,
      "ascent": 9,
      "chars": ["҂"]
    },
    {
      "type": "bitmap",
      "file": "minecraft:item/badge/blue_sword.png",
      "height": 11,
      "ascent": 9,
      "chars": ["ꚜ"]
    },
    {
      "type": "bitmap",
      "file": "minecraft:item/badge/green_sword.png",
      "height": 11,
      "ascent": 9,
      "chars": ["ꙮ"]
    },
    {
      "type": "bitmap",
      "file": "minecraft:item/badge/consul_overworld.png",
      "height": 11,
      "ascent": 9,
      "chars": ["ԩ"]
    },
    {
      "type": "bitmap",
      "file": "minecraft:item/badge/consul_the_nether.png",
      "height": 11,
      "ascent": 9,
      "chars": ["Ԭ"]
    },
    {
      "type": "bitmap",
      "file": "minecraft:item/badge/consul_the_end.png",
      "height": 11,
      "ascent": 9,
      "chars": ["ԯ"]
    },
    {
      "type": "bitmap",
      "file": "minecraft:item/badge/confetti.png",
      "height": 11,
      "ascent": 9,
      "chars": ["Ꚛ"]
    },
    {
      "type": "bitmap",
      "file": "minecraft:item/badge/harmonizing.png",
      "height": 11,
      "ascent": 9,
      "chars": ["а"]
    },
    {
      "type": "bitmap",
      "file": "minecraft:item/badge/director.png",
      "height": 11,
      "ascent": 9,
      "chars": ["꙳"]
    },
    {
      "type": "bitmap",
      "file": "minecraft:item/badge/genius.png",
      "height": 11,
      "ascent": 9,
      "chars": ["ꙿ"]
    },
    {
      "type": "bitmap",
      "file": "minecraft:item/badge/bug_hunter1.png",
      "height": 11,
      "ascent": 9,
      "chars": ["ꙧ"]
    },
    {
      "type": "bitmap",
      "file": "minecraft:item/badge/bug_hunter2.png",
      "height": 11,
      "ascent": 9,
      "chars": ["Ӊ"]
    },
    {
      "type": "bitmap",
      "file": "minecraft:item/badge/bug_hunter3.png",
      "height": 11,
      "ascent": 9,
      "chars": ["ң"]
    },
    {
      "type": "bitmap",
      "file": "minecraft:item/badge/bug_hunter4.png",
      "height": 11,
      "ascent": 9,
      "chars": ["Ԣ"]
    },
    {
      "type": "bitmap",
      "file": "minecraft:item/badge/painting.png",
      "height": 11,
      "ascent": 9,
      "chars": ["Ԫ"]
    },
    {
      "type": "bitmap",
      "file": "minecraft:item/badge/creative.png",
      "height": 11,
      "ascent": 9,
      "chars": ["ԭ"]
    },
    {
      "type": "bitmap",
      "file": "minecraft:item/badge/artistic.png",
      "height": 11,
      "ascent": 9,
      "chars": ["Ꚙ"]
    },
    {
      "type": "bitmap",
      "file": "minecraft:item/badge/booster.png",
      "height": 11,
      "ascent": 9,
      "chars": ["ꚛ"]
    },
    {
      "type": "bitmap",
      "file": "minecraft:item/badge/yellow_heart.png",
      "height": 11,
      "ascent": 9,
      "chars": ["Ӑ"]
    },
    {
      "type": "bitmap",
      "file": "minecraft:item/badge/red_heart.png",
      "height": 11,
      "ascent": 9,
      "chars": ["꙾"]
    },
    {
      "type": "bitmap",
      "file": "minecraft:item/badge/green_heart.png",
      "height": 11,
      "ascent": 9,
      "chars": ["ᵸ"]
    },
    {
      "type": "bitmap",
      "file": "minecraft:item/badge/blue_heart.png",
      "height": 11,
      "ascent": 9,
      "chars": ["ԫ"]
    },
    {
      "type": "bitmap",
      "file": "minecraft:item/badge/sharp.png",
      "height": 11,
      "ascent": 9,
      "chars": ["Ԯ"]
    },
    {
      "type": "bitmap",
      "file": "minecraft:item/badge/f.png",
      "height": 11,
      "ascent": 9,
      "chars": ["ꚙ"]
    },
    {
      "type": "bitmap",
      "file": "minecraft:item/badge/ender_eye.png",
      "height": 11,
      "ascent": 9,
      "chars": ["А"]
    },
    {
      "type": "bitmap",
      "file": "minecraft:item/badge/green_hat.png",
      "height": 11,
      "ascent": 9,
      "chars": ["ӑ"]
    },
    {
      "type": "bitmap",
      "file": "minecraft:item/badge/red_hat.png",
      "height": 11,
      "ascent": 9,
      "chars": ["Ӓ"]
    },
    {
      "type": "bitmap",
      "file": "minecraft:item/badge/yellow_hat.png",
      "height": 11,
      "ascent": 9,
      "chars": ["ә"]
    },
    {
      "type": "bitmap",
      "file": "minecraft:item/badge/yellow_energetic.png",
      "height": 11,
      "ascent": 9,
      "chars": ["Ӕ"]
    },
    {
      "type": "bitmap",
      "file": "minecraft:item/badge/divine.png",
      "height": 11,
      "ascent": 9,
      "chars": ["б"]
    },
    {
      "type": "bitmap",
      "file": "minecraft:item/badge/discharged.png",
      "height": 11,
      "ascent": 9,
      "chars": ["Г"]
    },
    {
      "type": "bitmap",
      "file": "minecraft:item/badge/moai.png",
      "height": 11,
      "ascent": 9,
      "chars": ["Ґ"]
    },
    {
      "type": "bitmap",
      "file": "minecraft:item/badge/well_read.png",
      "height": 11,
      "ascent": 9,
      "chars": ["Ӻ"]
    },
    {
      "type": "bitmap",
      "file": "minecraft:item/badge/scribe.png",
      "height": 11,
      "ascent": 9,
      "chars": ["ҕ"]
    },
    {
      "type": "bitmap",
      "file": "minecraft:item/badge/funny.png",
      "height": 11,
      "ascent": 9,
      "chars": ["ӓ"]
    },
    {
      "type": "bitmap",
      "file": "minecraft:item/badge/skull.png",
      "height": 11,
      "ascent": 9,
      "chars": ["Ӛ"]
    },
    {
      "type": "bitmap",
      "file": "minecraft:item/badge/colorful.png",
      "height": 11,
      "ascent": 9,
      "chars": ["ӕ"]
    },
    {
      "type": "bitmap",
      "file": "minecraft:item/badge/fluffy.png",
      "height": 11,
      "ascent": 9,
      "chars": ["В"]
    },
    {
      "type": "bitmap",
      "file": "minecraft:item/badge/trump_spades.png",
      "height": 11,
      "ascent": 9,
      "chars": ["г"]
    },
    {
      "type": "bitmap",
      "file": "minecraft:item/badge/trump_clubs.png",
      "height": 11,
      "ascent": 9,
      "chars": ["Ғ"]
    },
    {
      "type": "bitmap",
      "file": "minecraft:item/badge/rich.png",
      "height": 11,
      "ascent": 9,
      "chars": ["ӻ"]
    },
    {
      "type": "bitmap",
      "file": "minecraft:item/badge/explosive.png",
      "height": 11,
      "ascent": 9,
      "chars": ["Ӷ"]
    },
    {
      "type": "bitmap",
      "file": "minecraft:item/badge/great.png",
      "height": 11,
      "ascent": 9,
      "chars": ["Ә"]
    },
    {
      "type": "bitmap",
      "file": "minecraft:item/badge/sea_wolf.png",
      "height": 11,
      "ascent": 9,
      "chars": ["ӛ"]
    },
    {
      "type": "bitmap",
      "file": "minecraft:item/badge/twenty_second.png",
      "height": 11,
      "ascent": 9,
      "chars": ["Б"]
    },
    {
      "type": "bitmap",
      "file": "minecraft:item/badge/joystick.png",
      "height": 11,
      "ascent": 9,
      "chars": ["в"]
    },
    {
      "type": "bitmap",
      "file": "minecraft:item/badge/pizza.png",
      "height": 11,
      "ascent": 9,
      "chars": ["ґ"]
    },
    {
      "type": "bitmap",
      "file": "minecraft:item/badge/golden_creeper.png",
      "height": 11,
      "ascent": 9,
      "chars": ["ғ"]
    },
    {
      "type": "bitmap",
      "file": "minecraft:item/badge/creeper.png",
      "height": 11,
      "ascent": 9,
      "chars": ["Ҕ"]
    },
    {
      "type": "bitmap",
      "file": "minecraft:item/badge/bulldozer.png",
      "height": 11,
      "ascent": 9,
      "chars": ["ӷ"]
    },
    {
      "type": "bitmap",
      "file": "minecraft:item/badge/jackpot.png",
      "height": 11,
      "ascent": 9,
      "chars": ["Д"]
    },
    {
      "type": "bitmap",
      "file": "minecraft:item/badge/gamble.png",
      "height": 11,
      "ascent": 9,
      "chars": ["ԁ"]
    },
    {
      "type": "bitmap",
      "file": "minecraft:item/badge/frantic.png",
      "height": 11,
      "ascent": 9,
      "chars": ["Ђ"]
    },
    {
      "type": "bitmap",
      "file": "minecraft:item/badge/fearless.png",
      "height": 11,
      "ascent": 9,
      "chars": ["ꙣ"]
    },
    {
      "type": "bitmap",
      "file": "minecraft:item/badge/golden_cup.png",
      "height": 11,
      "ascent": 9,
      "chars": ["Ѓ"]
    },
    {
      "type": "bitmap",
      "file": "minecraft:item/badge/silver_cup.png",
      "height": 11,
      "ascent": 9,
      "chars": ["ҙ"]
    },
    {
      "type": "bitmap",
      "file": "minecraft:item/badge/pinata.png",
      "height": 11,
      "ascent": 9,
      "chars": ["Е"]
    },
    {
      "type": "bitmap",
      "file": "minecraft:item/badge/unexplored.png",
      "height": 11,
      "ascent": 9,
      "chars": ["ё"]
    },
    {
      "type": "bitmap",
      "file": "minecraft:item/badge/seeker.png",
      "height": 11,
      "ascent": 9,
      "chars": ["д"]
    },
    {
      "type": "bitmap",
      "file": "minecraft:item/badge/lucky.png",
      "height": 11,
      "ascent": 9,
      "chars": ["Ꚁ"]
    },
    {
      "type": "bitmap",
      "file": "minecraft:item/badge/favorite.png",
      "height": 11,
      "ascent": 9,
      "chars": ["ђ"]
    },
    {
      "type": "bitmap",
      "file": "minecraft:item/badge/scourge_of_the_seas.png",
      "height": 11,
      "ascent": 9,
      "chars": ["Ԃ"]
    },
    {
      "type": "bitmap",
      "file": "minecraft:item/badge/on_the_hook.png",
      "height": 11,
      "ascent": 9,
      "chars": ["ѓ"]
    },
    {
      "type": "bitmap",
      "file": "minecraft:item/badge/immortal.png",
      "height": 11,
      "ascent": 9,
      "chars": ["Ѐ"]
    },
    {
      "type": "bitmap",
      "file": "minecraft:item/badge/compass.png",
      "height": 11,
      "ascent": 9,
      "chars": ["е"]
    },
    {
      "type": "bitmap",
      "file": "minecraft:item/badge/cherry_blossom.png",
      "height": 11,
      "ascent": 9,
      "chars": ["Ӗ"]
    },
    {
      "type": "bitmap",
      "file": "minecraft:item/badge/rainbow.png",
      "height": 11,
      "ascent": 9,
      "chars": ["Ԁ"]
    },
    {
      "type": "bitmap",
      "file": "minecraft:item/badge/banana.png",
      "height": 11,
      "ascent": 9,
      "chars": ["ꚁ"]
    },
    {
      "type": "bitmap",
      "file": "minecraft:item/badge/butterfly.png",
      "height": 11,
      "ascent": 9,
      "chars": ["Ꙣ"]
    },
    {
      "type": "bitmap",
      "file": "minecraft:item/badge/business.png",
      "height": 11,
      "ascent": 9,
      "chars": ["ԃ"]
    },
    {
      "type": "bitmap",
      "file": "minecraft:item/badge/bubbles.png",
      "height": 11,
      "ascent": 9,
      "chars": ["Ҙ"]
    },
    {
      "type": "bitmap",
      "file": "minecraft:item/badge/avocado.png",
      "height": 11,
      "ascent": 9,
      "chars": ["Ё"]
    },
    {
      "type": "bitmap",
      "file": "minecraft:item/badge/spicy.png",
      "height": 11,
      "ascent": 9,
      "chars": ["ѐ"]
    },
    {
      "type": "bitmap",
      "file": "minecraft:item/badge/coffee.png",
      "height": 11,
      "ascent": 9,
      "chars": ["ӗ"]
    },
    {
      "type": "bitmap",
      "file": "minecraft:item/badge/quack_quack.png",
      "height": 11,
      "ascent": 9,
      "chars": ["Є"]
    },
    {
      "type": "bitmap",
      "file": "minecraft:item/badge/coin.png",
      "height": 11,
      "ascent": 9,
      "chars": ["Ӂ"]
    },
    {
      "type": "bitmap",
      "file": "minecraft:item/badge/cheese.png",
      "height": 11,
      "ascent": 9,
      "chars": ["Ꚅ"]
    },
    {
      "type": "bitmap",
      "file": "minecraft:item/badge/youtube.png",
      "height": 11,
      "ascent": 9,
      "chars": ["ӝ"]
    },
    {
      "type": "bitmap",
      "file": "minecraft:item/badge/medal.png",
      "height": 11,
      "ascent": 9,
      "chars": ["З"]
    },
    {
      "type": "bitmap",
      "file": "minecraft:item/badge/musical.png",
      "height": 11,
      "ascent": 9,
      "chars": ["ꙁ"]
    },
    {
      "type": "bitmap",
      "file": "minecraft:item/badge/nerd.png",
      "height": 11,
      "ascent": 9,
      "chars": ["Ԑ"]
    },
    {
      "type": "bitmap",
      "file": "minecraft:item/badge/shining.png",
      "height": 11,
      "ascent": 9,
      "chars": ["ӟ"]
    },
    {
      "type": "bitmap",
      "file": "minecraft:item/badge/blue_shield.png",
      "height": 11,
      "ascent": 9,
      "chars": ["ѕ"]
    },
    {
      "type": "bitmap",
      "file": "minecraft:item/badge/green_shield.png",
      "height": 11,
      "ascent": 9,
      "chars": ["ꙅ"]
    },
    {
      "type": "bitmap",
      "file": "minecraft:item/badge/red_shield.png",
      "height": 11,
      "ascent": 9,
      "chars": ["Ꚉ"]
    },
    {
      "type": "bitmap",
      "file": "minecraft:item/badge/hardcover.png",
      "height": 11,
      "ascent": 9,
      "chars": ["є"]
    },
    {
      "type": "bitmap",
      "file": "minecraft:item/badge/priceless.png",
      "height": 11,
      "ascent": 9,
      "chars": ["ж"]
    },
    {
      "type": "bitmap",
      "file": "minecraft:item/badge/loupe.png",
      "height": 11,
      "ascent": 9,
      "chars": ["ꚝ"]
    },
    {
      "type": "bitmap",
      "file": "minecraft:item/badge/demon.png",
      "height": 11,
      "ascent": 9,
      "chars": ["ꚅ"]
    },
    {
      "type": "bitmap",
      "file": "minecraft:item/badge/angel.png",
      "height": 11,
      "ascent": 9,
      "chars": ["Җ"]
    },
    {
      "type": "bitmap",
      "file": "minecraft:item/badge/nocturnal_predator.png",
      "height": 11,
      "ascent": 9,
      "chars": ["з"]
    },
    {
      "type": "bitmap",
      "file": "minecraft:item/badge/ghost.png",
      "height": 11,
      "ascent": 9,
      "chars": ["Ԅ"]
    },
    {
      "type": "bitmap",
      "file": "minecraft:item/badge/blue_energetic.png",
      "height": 11,
      "ascent": 9,
      "chars": ["ԑ"]
    },
    {
      "type": "bitmap",
      "file": "minecraft:item/badge/invincible.png",
      "height": 11,
      "ascent": 9,
      "chars": ["Ꙃ"]
    },
    {
      "type": "bitmap",
      "file": "minecraft:item/badge/moon.png",
      "height": 11,
      "ascent": 9,
      "chars": ["Ж"]
    },
    {
      "type": "bitmap",
      "file": "minecraft:item/badge/dead.png",
      "height": 11,
      "ascent": 9,
      "chars": ["ӂ"]
    },
    {
      "type": "bitmap",
      "file": "minecraft:item/badge/skeleton.png",
      "height": 11,
      "ascent": 9,
      "chars": ["ԇ"]
    },
    {
      "type": "bitmap",
      "file": "minecraft:item/badge/zombie.png",
      "height": 11,
      "ascent": 9,
      "chars": ["Ѝ"]
    },
    {
      "type": "bitmap",
      "file": "minecraft:item/badge/cookie.png",
      "height": 11,
      "ascent": 9,
      "chars": ["Ӝ"]
    },
    {
      "type": "bitmap",
      "file": "minecraft:item/badge/unknown.png",
      "height": 11,
      "ascent": 9,
      "chars": ["җ"]
    },
    {
      "type": "bitmap",
      "file": "minecraft:item/badge/extraterrestrial.png",
      "height": 11,
      "ascent": 9,
      "chars": ["Ꙁ"]
    },
    {
      "type": "bitmap",
      "file": "minecraft:item/badge/cookie.png",
      "height": 11,
      "ascent": 9,
      "chars": ["ԅ"]
    },
    {
      "type": "bitmap",
      "file": "minecraft:item/badge/astronaut.png",
      "height": 11,
      "ascent": 9,
      "chars": ["Ӟ"]
    },
    {
      "type": "bitmap",
      "file": "minecraft:item/badge/pumpkin.png",
      "height": 11,
      "ascent": 9,
      "chars": ["Ў"]
    },
    {
      "type": "bitmap",
      "file": "minecraft:item/badge/player.png",
      "height": 11,
      "ascent": 9,
      "chars": ["ꙃ"]
    },
    {
      "type": "bitmap",
      "file": "minecraft:item/dialog/bank/card_crimson.png",
      "height": 80,
      "ascent": -69,
      "chars": ["Ї"]
    },
    {
      "type": "bitmap",
      "file": "minecraft:item/dialog/bank/card_sunny.png",
      "height": 80,
      "ascent": -69,
      "chars": ["Ԛ"]
    },
    {
      "type": "bitmap",
      "file": "minecraft:item/dialog/bank/card_sea_green.png",
      "height": 80,
      "ascent": -69,
      "chars": ["ӡ"]
    },
    {
      "type": "bitmap",
      "file": "minecraft:item/dialog/bank/card_electro.png",
      "height": 80,
      "ascent": -69,
      "chars": ["Ꙉ"]
    },
    {
      "type": "bitmap",
      "file": "minecraft:item/dialog/bank/card_oceanic.png",
      "height": 80,
      "ascent": -69,
      "chars": ["к"]
    },
    {
      "type": "bitmap",
      "file": "minecraft:item/dialog/bank/card_gray_default.png",
      "height": 80,
      "ascent": -69,
      "chars": ["Ꙅ"]
    },
    {
      "type": "bitmap",
      "file": "minecraft:item/dialog/bank/card_dark_steel.png",
      "height": 80,
      "ascent": -69,
      "chars": ["Ӄ"]
    },
    {
      "type": "bitmap",
      "file": "minecraft:item/dialog/bank/card_sky_magenta.png",
      "height": 80,
      "ascent": -69,
      "chars": ["ҡ"]
    },
    {
      "type": "bitmap",
      "file": "minecraft:item/dialog/bank/card_amethyst.png",
      "height": 80,
      "ascent": -69,
      "chars": ["Ҝ"]
    },
    {
      "type": "bitmap",
      "file": "minecraft:item/dialog/bank/card_violet.png",
      "height": 80,
      "ascent": -69,
      "chars": ["ԟ"]
    },
    {
      "type": "bitmap",
      "file": "minecraft:item/dialog/bank/creepto_capital.png",
      "height": 24,
      "ascent": 14,
      "chars": ["Ԇ"]
    },
    {
      "type": "bitmap",
      "file": "minecraft:item/dialog/bank/nether_block_chain.png",
      "height": 24,
      "ascent": 14,
      "chars": ["ꚃ"]
    },
    {
      "type": "bitmap",
      "file": "minecraft:item/dialog/bank/diamondguard.png",
      "height": 24,
      "ascent": 14,
      "chars": ["Ӣ"]
    },
    {
      "type": "bitmap",
      "file": "minecraft:item/dialog/bank/minefinance_co.png",
      "height": 24,
      "ascent": 14,
      "chars": ["ӣ"]
    },
    {
      "type": "bitmap",
      "file": "minecraft:item/dialog/bank/ender_chest_trust.png",
      "height": 24,
      "ascent": 14,
      "chars": ["Ӥ"]
    },
    {
      "type": "bitmap",
      "file": "minecraft:item/dialog/bank/creepto_capital.png",
      "height": 16,
      "ascent": -77,
      "chars": ["ꙉ"]
    },
    {
      "type": "bitmap",
      "file": "minecraft:item/dialog/bank/nether_block_chain.png",
      "height": 16,
      "ascent": -77,
      "chars": ["Қ"]
    },
    {
      "type": "bitmap",
      "file": "minecraft:item/dialog/bank/diamondguard.png",
      "height": 16,
      "ascent": -77,
      "chars": ["ӄ"]
    },
    {
      "type": "bitmap",
      "file": "minecraft:item/dialog/bank/minefinance_co.png",
      "height": 16,
      "ascent": -77,
      "chars": ["Ҟ"]
    },
    {
      "type": "bitmap",
      "file": "minecraft:item/dialog/bank/ender_chest_trust.png",
      "height": 16,
      "ascent": -77,
      "chars": ["ҝ"]
    },
    {
      "type": "bitmap",
      "file": "minecraft:item/dialog/streamer_panel.png",
      "height": 48,
      "ascent": -12,
      "chars": ["і"]
    },
    {
      "type": "bitmap",
      "file": "minecraft:item/dialog/bank.png",
      "height": 48,
      "ascent": -12,
      "chars": ["Ꙇ"]
    },
    {
      "type": "bitmap",
      "file": "minecraft:item/dialog/profile.png",
      "height": 48,
      "ascent": -12,
      "chars": ["ї"]
    },
    {
      "type": "bitmap",
      "file": "minecraft:item/dialog/appearance.png",
      "height": 80,
      "ascent": -12,
      "chars": ["й"]
    },
    {
      "type": "bitmap",
      "file": "minecraft:item/dialog/hitbox.png",
      "height": 7,
      "ascent": 5,
      "chars": ["Ј"]
    },
    {
      "type": "bitmap",
      "file": "minecraft:item/icon/global_chat.png",
      "height": 11,
      "ascent": 9,
      "chars": ["л"]
    },
    {
      "type": "bitmap",
      "file": "minecraft:item/icon/coin.png",
      "height": 12,
      "ascent": 10,
      "chars": ["ӆ"]
    },
    {
      "type": "bitmap",
      "file": "minecraft:item/icon/souls.png",
      "height": 11,
      "ascent": 9,
      "chars": ["ԛ"]
    },
    {
      "type": "space",
      "advances": {
        "|": 3
      }
    },
    {
      "type": "space",
      "advances": {
        ".": -1
      }
    },
    {
      "type": "space",
      "advances": {
        "⨀": -129
      }
    }
  ]
}