{
	"providers": [
		{
      "type": "bitmap",
      "file": "minecraft:item/icon/wizard_progress_font.png",
      "height": 13,
      "ascent": -11,
      "chars": ["abcdefghijklmnopqrstuvwxyzABCDEFGHIJKLMNOPQRSTUVWXYZАБВГДЕь"]
    },
		{
      "type": "bitmap",
      "file": "minecraft:item/icon/wizard_level.png",
      "height": 42,
      "ascent": 22,
      "chars": ["0123456789"]
    },
		{
      "type": "bitmap",
      "file": "minecraft:item/icon/souls.png",
      "height": 11,
      "ascent": -12,
      "chars": ["ԛ"]
    },
    {
      "type": "bitmap",
      "file": "minecraft:item/dialog/wizard/soul_lantern.png",
      "height": 20,
      "ascent": -8,
      "chars": ["!"]
    },
    {
      "type": "bitmap",
      "file": "minecraft:item/dialog/wizard/case_of_eternal_rest_default.png",
      "height": 20,
      "ascent": -8,
      "chars": ["@"]
    },
    {
      "type": "bitmap",
      "file": "minecraft:item/dialog/wizard/tossle_cap_ghost.png",
      "height": 20,
      "ascent": -8,
      "chars": ["а"]
    },
    {
      "type": "bitmap",
      "file": "minecraft:item/dialog/wizard/pumpkin.png",
      "height": 20,
      "ascent": -8,
      "chars": ["б"]
    },
    {
      "type": "bitmap",
      "file": "minecraft:item/dialog/wizard/headphones_ghost.png",
      "height": 20,
      "ascent": -8,
      "chars": ["в"]
    },
    {
      "type": "bitmap",
      "file": "minecraft:item/dialog/wizard/fez_ghost.png",
      "height": 20,
      "ascent": -8,
      "chars": ["г"]
    },
    {
      "type": "bitmap",
      "file": "minecraft:item/dialog/wizard/top_hat_ghost.png",
      "height": 20,
      "ascent": -8,
      "chars": ["д"]
    },
    {
      "type": "bitmap",
      "file": "minecraft:item/dialog/wizard/cookie.png",
      "height": 20,
      "ascent": -8,
      "chars": ["е"]
    },
    {
      "type": "bitmap",
      "file": "minecraft:item/dialog/wizard/kiver_ghost.png",
      "height": 20,
      "ascent": -8,
      "chars": ["ё"]
    },
    {
      "type": "bitmap",
      "file": "minecraft:item/dialog/wizard/moon.png",
      "height": 20,
      "ascent": -8,
      "chars": ["ж"]
    },
    {
      "type": "bitmap",
      "file": "minecraft:item/dialog/wizard/hat_without_name.png",
      "height": 20,
      "ascent": -8,
      "chars": ["з"]
    },
    {
      "type": "bitmap",
      "file": "minecraft:item/dialog/wizard/pirate_captain_ghost.png",
      "height": 20,
      "ascent": -8,
      "chars": ["и"]
    },
    {
      "type": "bitmap",
      "file": "minecraft:item/dialog/wizard/nocturnal_predator.png",
      "height": 20,
      "ascent": -8,
      "chars": ["й"]
    },
    {
      "type": "bitmap",
      "file": "minecraft:item/dialog/wizard/kabuto_samurai_ghost.png",
      "height": 20,
      "ascent": -8,
      "chars": ["к"]
    },
    {
      "type": "bitmap",
      "file": "minecraft:item/dialog/wizard/prediction.png",
      "height": 16,
      "ascent": -58,
      "chars": ["#"]
    },
    {
      "type": "bitmap",
      "file": "minecraft:item/dialog/wizard/unpredictable_potion.png",
      "height": 16,
      "ascent": -58,
      "chars": ["$"]
    },
    {
      "type": "bitmap",
      "file": "minecraft:item/dialog/wizard/ghost_horse.png",
      "height": 16,
      "ascent": -58,
      "chars": ["%"]
    },
    {
      "type": "bitmap",
      "file": "minecraft:item/dialog/wizard/double_jump.png",
      "height": 16,
      "ascent": -58,
      "chars": ["^"]
    },
    {
      "type": "bitmap",
      "file": "minecraft:item/dialog/wizard/ghost_key.png",
      "height": 16,
      "ascent": -58,
      "chars": ["&"]
    },
    {
      "type": "bitmap",
      "file": "minecraft:item/icon/wizard_alert.png",
      "height": 102,
      "ascent": 2,
      "chars": ["`"]
    },
    {
      "type": "bitmap",
      "file": "minecraft:item/dialog/prediction_alert.png",
      "height": 101,
      "ascent": 0,
      "chars": ["*"]
    },
    {
      "type": "space",
      "advances": {
        "|": 3
      }
    },
    {
      "type": "space",
      "advances": {
        ".": -1
      }
    },
    {
      "type": "space",
      "advances": {
        "⨀": -129
      }
    }
  ]
}