{"textures":{"0":"animated_java:blueprint/wiz/wiz","particle":"minecraft:item/pufferfish"},"display":{"head":{"rotation":[0,180,0]}},"elements":[{"from":[7.5,8,8],"to":[8.5,10,8],"rotation":{"angle":0,"axis":"y","origin":[10.4,-3,7.025]},"faces":{"north":{"uv":[14.5,1,15,0],"texture":"#0"},"east":{"uv":[0,0,0,0],"texture":"#0"},"south":{"uv":[0,0,0,0],"texture":"#0"},"west":{"uv":[0,0,0,0],"texture":"#0"},"up":{"uv":[0,0,0,0],"texture":"#0"},"down":{"uv":[0,0,0,0],"texture":"#0"}},"light_emission":10}]}