{"textures":{"0":"animated_java:blueprint/wiz/wiz","particle":"minecraft:item/pufferfish"},"display":{"head":{"rotation":[0,180,0]}},"elements":[{"from":[7.5,5.5,8.75],"to":[10.5,10.5,9.75],"rotation":{"angle":-45,"axis":"y","origin":[9,8,9.25]},"faces":{"north":{"uv":[15.5,1,14,3.5],"texture":"#0"},"east":{"uv":[15.5,1,15,3.5],"texture":"#0"},"south":{"uv":[15.5,3.5,14,6],"texture":"#0"},"west":{"uv":[14.5,1,14,3.5],"texture":"#0"},"up":{"uv":[15.5,1,14,1.5],"texture":"#0"},"down":{"uv":[14,3,15.5,3.5],"texture":"#0"}}}]}