{"textures":{"0":"animated_java:blueprint/wiz/wiz","particle":"minecraft:item/pufferfish"},"display":{"head":{"rotation":[0,180,0]}},"elements":[{"from":[8,4,6.5],"to":[8,8,9.5],"rotation":{"angle":22.5,"axis":"y","origin":[8,6,8]},"faces":{"north":{"uv":[14,6,14.5,7.5],"texture":"#0"},"east":{"uv":[14,6,15.5,8],"texture":"#0"},"south":{"uv":[14,6,14.5,7.5],"texture":"#0"},"west":{"uv":[14,6,15.5,8],"texture":"#0"},"up":{"uv":[14,6,14.5,7.5],"texture":"#0"},"down":{"uv":[14,6,14.5,7.5],"texture":"#0"}}}]}