{"textures":{"1":"animated_java:blueprint/wiz/globe","particle":"minecraft:item/pufferfish"},"display":{"head":{"rotation":[0,180,0]}},"elements":[{"from":[11,5,5],"to":[5,11,11],"rotation":{"angle":0,"axis":"y","origin":[8,6.5,8.2]},"faces":{"north":{"uv":[5,5,10,10],"texture":"#1"},"east":{"uv":[5,5,10,10],"texture":"#1"},"south":{"uv":[5,5,10,10],"texture":"#1"},"west":{"uv":[5,5,10,10],"texture":"#1"},"up":{"uv":[6,6,5,5],"rotation":180,"texture":"#1"},"down":{"uv":[5,10,6,9],"rotation":90,"texture":"#1"}},"light_emission":15},{"from":[5.75,10.25,5.75],"to":[10.25,5.75,10.25],"rotation":{"angle":0,"axis":"y","origin":[8,6.5,8.2]},"faces":{"north":{"uv":[0,10,5,5],"texture":"#1"},"east":{"uv":[0,5,5,10],"rotation":180,"texture":"#1"},"south":{"uv":[5,10,0,5],"texture":"#1"},"west":{"uv":[0,5,5,10],"rotation":180,"texture":"#1"},"up":{"uv":[5,15,0,10],"texture":"#1"},"down":{"uv":[5,15,10,10],"rotation":270,"texture":"#1"}},"light_emission":15},{"from":[5.5,10.5,5.5],"to":[10.5,5.5,10.5],"rotation":{"angle":0,"axis":"y","origin":[8,6.5,8.2]},"faces":{"north":{"uv":[9,9,10,10],"texture":"#1"},"east":{"uv":[9,9,10,10],"rotation":90,"texture":"#1"},"south":{"uv":[9,9,10,10],"rotation":270,"texture":"#1"},"west":{"uv":[9,9,10,10],"rotation":90,"texture":"#1"},"up":{"uv":[10,10,9,9],"rotation":270,"texture":"#1"},"down":{"uv":[10,9,9,10],"rotation":180,"texture":"#1"}},"light_emission":15},{"from":[5.75,6.25,5.75],"to":[10.25,9.75,10.25],"rotation":{"angle":0,"axis":"y","origin":[8,6.5,8.2]},"faces":{"north":{"uv":[10,8,16,16],"rotation":90,"texture":"#1"},"east":{"uv":[10,8,16,16],"rotation":90,"texture":"#1"},"south":{"uv":[10,8,16,16],"rotation":90,"texture":"#1"},"west":{"uv":[10,8,16,16],"rotation":90,"texture":"#1"}},"light_emission":15}]}