{"textures":{"0":"animated_java:blueprint/wiz/wiz","particle":"minecraft:item/pufferfish"},"display":{"head":{"rotation":[0,180,0]}},"elements":[{"from":[5.5,5.5,8.75],"to":[8.5,10.5,9.75],"rotation":{"angle":45,"axis":"y","origin":[7,8,9.25]},"faces":{"north":{"uv":[14,1,15.5,3.5],"texture":"#0"},"east":{"uv":[14,1,14.5,3.5],"texture":"#0"},"south":{"uv":[14,3.5,15.5,6],"texture":"#0"},"west":{"uv":[15,1,15.5,3.5],"texture":"#0"},"up":{"uv":[14,1,15.5,1.5],"texture":"#0"},"down":{"uv":[15.5,3,14,3.5],"texture":"#0"}}}]}