{"textures":{"0":"animated_java:blueprint/wiz/wiz","particle":"minecraft:item/pufferfish"},"display":{"head":{"rotation":[0,180,0]}},"elements":[{"from":[6.5,6,6.5],"to":[9.5,10,9.5],"rotation":{"angle":0,"axis":"y","origin":[5.5,-4,5.5]},"faces":{"north":{"uv":[10.5,0,9,2],"texture":"#0"},"east":{"uv":[10.5,6,9,8],"texture":"#0"},"south":{"uv":[10.5,4,9,6],"texture":"#0"},"west":{"uv":[10.5,2,9,4],"texture":"#0"},"up":{"uv":[0,11.5,1.5,10],"texture":"#0"},"down":{"uv":[1.5,10,3,11.5],"texture":"#0"}}}]}