{"textures":{"0":"animated_java:blueprint/wiz/wiz","particle":"minecraft:item/pufferfish"},"display":{"head":{"rotation":[0,180,0]}},"elements":[{"from":[7,8,6],"to":[9,13,10],"rotation":{"angle":0,"axis":"y","origin":[8,8,6]},"faces":{"north":{"uv":[3,6,2,8.5],"texture":"#0"},"east":{"uv":[7,6,9,8.5],"texture":"#0"},"south":{"uv":[6.5,6,7.5,8.5],"texture":"#0"},"west":{"uv":[2,6,0,8.5],"texture":"#0"},"up":{"uv":[6,10.5,7,8.5],"texture":"#0"},"down":{"uv":[0,0,0.25,0.25],"texture":"#0"}}},{"from":[7,8,10],"to":[9,11,11],"rotation":{"angle":0,"axis":"y","origin":[8,8,6]},"faces":{"north":{"uv":[3,3.5,4,5],"texture":"#0"},"east":{"uv":[0.5,8.5,1,7],"texture":"#0"},"south":{"uv":[1,7,0,8.5],"texture":"#0"},"west":{"uv":[1,7,0.5,8.5],"texture":"#0"},"up":{"uv":[0,8.5,1,8],"texture":"#0"},"down":{"uv":[1,0,0,0.5],"texture":"#0"}}}]}