{"textures":{"0":"animated_java:blueprint/wiz/wiz","particle":"minecraft:item/pufferfish"},"display":{"head":{"rotation":[0,180,0]}},"elements":[{"from":[6.5,6,6.5],"to":[9.5,10,9.5],"rotation":{"angle":0,"axis":"y","origin":[10.5,-4,5.5]},"faces":{"north":{"uv":[9,0,10.5,2],"texture":"#0"},"east":{"uv":[9,2,10.5,4],"texture":"#0"},"south":{"uv":[9,4,10.5,6],"texture":"#0"},"west":{"uv":[9,6,10.5,8],"texture":"#0"},"up":{"uv":[1.5,11.5,0,10],"texture":"#0"},"down":{"uv":[3,10,1.5,11.5],"texture":"#0"}}}]}