{"textures":{"1":"animated_java:blueprint/wiz/globe","particle":"minecraft:item/pufferfish"},"display":{"head":{"rotation":[0,180,0]}},"elements":[{"from":[6,4.39286,6],"to":[10,6.89286,10],"rotation":{"angle":0,"axis":"y","origin":[8,8.39286,18]},"faces":{"north":{"uv":[12,7.5,16,5],"texture":"#1"},"east":{"uv":[12,7.5,16,5],"texture":"#1"},"south":{"uv":[12,7.5,16,5],"texture":"#1"},"west":{"uv":[12,7.5,16,5],"texture":"#1"},"up":{"uv":[12,7.5,16,5],"texture":"#1"}}},{"from":[15.07107,4.39286,6.42893],"to":[15.07107,6.39286,15.42893],"rotation":{"angle":45,"axis":"y","origin":[8,8.39286,18]},"faces":{"north":{"uv":[0,0,0,0],"texture":"#1"},"east":{"uv":[5,0,14,2],"texture":"#1"},"south":{"uv":[0,0,0,0],"texture":"#1"},"west":{"uv":[5,0,14,2],"texture":"#1"},"up":{"uv":[0,0,0,0],"texture":"#1"},"down":{"uv":[0,0,0,0],"texture":"#1"}}},{"from":[0.92893,4.39286,6.42893],"to":[0.92893,6.39286,15.42893],"rotation":{"angle":-45,"axis":"y","origin":[8,8.39286,18]},"faces":{"north":{"uv":[0,0,0,0],"texture":"#1"},"east":{"uv":[14,0,5,2],"texture":"#1"},"south":{"uv":[0,0,0,0],"texture":"#1"},"west":{"uv":[14,0,5,2],"texture":"#1"},"up":{"uv":[0,0,0,0],"texture":"#1"},"down":{"uv":[0,0,0,0],"texture":"#1"}}}]}