{"textures":{"0":"animated_java:blueprint/wiz/wiz","particle":"minecraft:item/pufferfish"},"display":{"head":{"rotation":[0,180,0]}},"elements":[{"from":[5,8,5],"to":[11,20,11],"rotation":{"angle":0,"axis":"y","origin":[8,5,3]},"faces":{"north":{"uv":[0,0,3,6],"texture":"#0"},"east":{"uv":[6,0,3,6],"texture":"#0"},"south":{"uv":[5.5,0,6,6],"texture":"#0"},"west":{"uv":[3,0,6,6],"texture":"#0"},"up":{"uv":[0,0,0,0],"texture":"#0"},"down":{"uv":[9,3,6,6],"texture":"#0"}}},{"from":[4.8,7.8,7],"to":[11.2,20.2,9],"rotation":{"angle":0,"axis":"y","origin":[8,5,3]},"faces":{"east":{"uv":[16,10,15,16],"texture":"#0"},"west":{"uv":[15,10,16,16],"texture":"#0"},"up":{"uv":[0,0,0,0],"texture":"#0"},"down":{"uv":[16,8,13,9],"texture":"#0"}}},{"from":[4.5,20,4.5],"to":[11.5,21,11.5],"rotation":{"angle":0,"axis":"y","origin":[8,5,3]},"faces":{"north":{"uv":[0,11.5,3.5,12],"texture":"#0"},"east":{"uv":[3.5,11.5,0,12],"texture":"#0"},"south":{"uv":[0,11.5,3.5,12],"texture":"#0"},"west":{"uv":[0,11.5,3.5,12],"texture":"#0"},"up":{"uv":[0,0,0,0],"texture":"#0"},"down":{"uv":[3.5,11.5,0,15],"texture":"#0"}}},{"from":[6,12.7071,4.22474],"to":[10,18.7071,6.22474],"rotation":{"angle":22.5,"axis":"x","origin":[8,15.7071,5.22474]},"faces":{"north":{"uv":[3,8.5,5,11.5],"texture":"#0"},"east":{"uv":[11.5,4.5,10.5,7.5],"texture":"#0"},"south":{"uv":[0,0,0,0],"texture":"#0"},"west":{"uv":[10.5,4.5,11.5,7.5],"texture":"#0"},"up":{"uv":[0,0,0,0],"texture":"#0"},"down":{"uv":[12.5,0,10.5,1],"texture":"#0"}}}]}