{"textures":{"0":"animated_java:blueprint/wiz/wiz","particle":"minecraft:item/pufferfish"},"display":{"head":{"rotation":[0,180,0]}},"elements":[{"from":[7,5,6],"to":[9,12,10],"rotation":{"angle":0,"axis":"y","origin":[8,12,6]},"faces":{"north":{"uv":[5,0,4.5,3.5],"texture":"#0"},"east":{"uv":[6.5,0,4.5,3.5],"texture":"#0"},"south":{"uv":[6.5,0,6,3.5],"texture":"#0"},"west":{"uv":[4.5,0,6.5,3.5],"texture":"#0"},"up":{"uv":[4,1,4.25,1.25],"texture":"#0"},"down":{"uv":[6.5,3.5,4.5,3],"rotation":90,"texture":"#0"}}},{"from":[6.8,10,5.8],"to":[9.2,12,10.2],"rotation":{"angle":0,"axis":"y","origin":[8,12,6]},"faces":{"north":{"uv":[5,0.5,4.5,1.5],"texture":"#0"},"east":{"uv":[6.5,0.5,4.5,1.5],"texture":"#0"},"south":{"uv":[6.5,0.5,6,1.5],"texture":"#0"},"west":{"uv":[4.5,0.5,6.5,1.5],"texture":"#0"}}}]}