{"textures":{"0":"animated_java:blueprint/wiz/wiz","particle":"minecraft:item/pufferfish"},"display":{"head":{"rotation":[0,180,0]}},"elements":[{"from":[18.61163,2.57478,2.96667],"to":[22.61163,6.57478,4.96667],"rotation":{"angle":45,"axis":"z","origin":[8,-8.03685,2.96667]},"faces":{"north":{"uv":[12.5,13.5,14.5,15.5],"texture":"#0"},"east":{"uv":[12.5,13.5,13,15.5],"texture":"#0"},"south":{"uv":[14.5,13.5,12.5,15.5],"texture":"#0"},"west":{"uv":[14,13.5,14.5,15.5],"texture":"#0"},"up":{"uv":[14.5,14,12.5,13.5],"texture":"#0"},"down":{"uv":[14.5,15,12.5,15.5],"texture":"#0"}}},{"from":[20.11163,4.07478,2.94167],"to":[21.11163,5.07478,2.94167],"rotation":{"angle":45,"axis":"z","origin":[8,-8.03685,9.96667]},"faces":{"north":{"uv":[14.5,11.5,15,12],"texture":"#0"},"east":{"uv":[0,0,0,0],"texture":"#0"},"south":{"uv":[0,0,0,0],"texture":"#0"},"west":{"uv":[0,0,0,0],"texture":"#0"},"up":{"uv":[0,0,0,0],"texture":"#0"},"down":{"uv":[0,0,0,0],"texture":"#0"}}},{"from":[6.2,8.01315,2.99167],"to":[9.8,11.61315,2.99167],"rotation":{"angle":0,"axis":"y","origin":[8,-8.03685,9.96667]},"faces":{"north":{"uv":[12.5,11.5,14.5,13.5],"texture":"#0"},"east":{"uv":[0.5,0,0.5,2.35],"texture":"#0"},"south":{"uv":[0,0,0,0],"texture":"#0"},"west":{"uv":[0.5,0,0.5,2.35],"texture":"#0"},"up":{"uv":[2,0,0,0],"texture":"#0"},"down":{"uv":[2,0,0,0],"texture":"#0"}}},{"from":[6,10.66315,3.26667],"to":[10,14.66315,3.26667],"rotation":{"angle":0,"axis":"y","origin":[8,-8.03685,9.96667]},"faces":{"north":{"uv":[4,6,6,8],"texture":"#0"},"east":{"uv":[0,0,0,2],"texture":"#0"},"south":{"uv":[4,6,6,8],"texture":"#0"},"west":{"uv":[0,0,0,2],"texture":"#0"},"up":{"uv":[0,0,2,0],"texture":"#0"},"down":{"uv":[0,0,2,0],"texture":"#0"}}},{"from":[3.5,7.96315,3.46667],"to":[12.5,12.96315,12.46667],"rotation":{"angle":0,"axis":"y","origin":[8,-8.03685,2.96667]},"faces":{"north":{"uv":[3.5,11.5,8,14],"texture":"#0"},"east":{"uv":[8,11.5,3.5,14],"texture":"#0"},"south":{"uv":[3.5,11.5,8,14],"texture":"#0"},"west":{"uv":[10.5,9,15,11.5],"texture":"#0"},"up":{"uv":[8,11.5,12.5,16],"texture":"#0"},"down":{"uv":[12.5,11.5,8,16],"texture":"#0"}}},{"from":[3.7,8.16315,3.66667],"to":[12.3,12.76315,12.26667],"rotation":{"angle":0,"axis":"y","origin":[8,-8.03685,2.96667]},"faces":{"north":{"uv":[3.5,14,8,14.5],"texture":"#0"},"east":{"uv":[8,14,3.5,14.5],"texture":"#0"},"south":{"uv":[3.5,14,8,14.5],"texture":"#0"},"west":{"uv":[3.5,14,8,14.5],"texture":"#0"},"up":{"uv":[0,0,0,0],"texture":"#0"},"down":{"uv":[0,0,0,0],"texture":"#0"}}}]}