{"textures":{"1":"animated_java:blueprint/eye/demon","particle":"minecraft:item/pufferfish"},"display":{"head":{"rotation":[0,180,0]}},"elements":[{"from":[1.20765,12.1984,-3.5],"to":[10.20765,12.1984,12.5],"rotation":{"angle":-45,"axis":"z","origin":[5.70765,12.1984,4.5]},"faces":{"north":{"uv":[0,0,0,0],"rotation":90,"texture":"#1"},"east":{"uv":[0,0,0,0],"rotation":270,"texture":"#1"},"south":{"uv":[0,0,0,0],"rotation":270,"texture":"#1"},"west":{"uv":[0,0,0,0],"rotation":270,"texture":"#1"},"up":{"uv":[0,8,4.5,0],"rotation":180,"texture":"#1"},"down":{"uv":[4.5,8,0,0],"texture":"#1"}}}]}