{"textures":{"1":"animated_java:blueprint/eye/demon","particle":"minecraft:item/pufferfish"},"display":{"head":{"rotation":[0,180,0]}},"elements":[{"from":[10.29164,7.69911,-3.5],"to":[10.29164,16.69911,12.5],"rotation":{"angle":-45,"axis":"z","origin":[10.29164,12.19911,4.5]},"faces":{"north":{"uv":[0,0,0,0],"texture":"#1"},"east":{"uv":[4.5,0,0,8],"rotation":90,"texture":"#1"},"south":{"uv":[0,0,0,0],"texture":"#1"},"west":{"uv":[0,0,4.5,8],"rotation":270,"texture":"#1"},"up":{"uv":[0,0,0,0],"texture":"#1"},"down":{"uv":[0,0,0,0],"texture":"#1"}}}]}