{"textures":{"1":"animated_java:blueprint/eye/demon","particle":"minecraft:item/pufferfish"},"display":{"head":{"rotation":[0,180,0]}},"elements":[{"from":[8,8.2,0],"to":[19,8.2,16],"rotation":{"angle":0,"axis":"y","origin":[13.5,8.2,8]},"faces":{"north":{"uv":[0,0,0,0],"texture":"#1"},"east":{"uv":[0,0,0,0],"texture":"#1"},"south":{"uv":[0,0,0,0],"texture":"#1"},"west":{"uv":[0,0,0,0],"texture":"#1"},"up":{"uv":[10,8,4.5,0],"rotation":180,"texture":"#1"},"down":{"uv":[4.5,8,10,0],"texture":"#1"}}}]}