{
  "model": {
    "type": "minecraft:range_dispatch",
    "property": "minecraft:compass",
    "target": "lodestone",
    "scale": 32.0,
    "entries": [
      {
        "threshold": 0,
        "model": {
          "type": "minecraft:model",
          "model": "minecraft:item/halloween/soul_lantern/00"
        }
      },
      {
        "threshold": 1,
        "model": {
          "type": "minecraft:model",
          "model": "minecraft:item/halloween/soul_lantern/01"
        }
      },
      {
        "threshold": 3,
        "model": {
          "type": "minecraft:model",
          "model": "minecraft:item/halloween/soul_lantern/02"
        }
      },
      {
        "threshold": 5,
        "model": {
          "type": "minecraft:model",
          "model": "minecraft:item/halloween/soul_lantern/03"
        }
      },
      {
        "threshold": 7,
        "model": {
          "type": "minecraft:model",
          "model": "minecraft:item/halloween/soul_lantern/04"
        }
      },
      {
        "threshold": 9,
        "model": {
          "type": "minecraft:model",
          "model": "minecraft:item/halloween/soul_lantern/05"
        }
      },
      {
        "threshold": 11,
        "model": {
          "type": "minecraft:model",
          "model": "minecraft:item/halloween/soul_lantern/06"
        }
      },
      {
        "threshold": 13,
        "model": {
          "type": "minecraft:model",
          "model": "minecraft:item/halloween/soul_lantern/07"
        }
      },
      {
        "threshold": 15,
        "model": {
          "type": "minecraft:model",
          "model": "minecraft:item/halloween/soul_lantern/08"
        }
      },
      {
        "threshold": 17,
        "model": {
          "type": "minecraft:model",
          "model": "minecraft:item/halloween/soul_lantern/07"
        }
      },
      {
        "threshold": 19,
        "model": {
          "type": "minecraft:model",
          "model": "minecraft:item/halloween/soul_lantern/06"
        }
      },
      {
        "threshold": 21,
        "model": {
          "type": "minecraft:model",
          "model": "minecraft:item/halloween/soul_lantern/05"
        }
      },
      {
        "threshold": 23,
        "model": {
          "type": "minecraft:model",
          "model": "minecraft:item/halloween/soul_lantern/04"
        }
      },
      {
        "threshold": 25,
        "model": {
          "type": "minecraft:model",
          "model": "minecraft:item/halloween/soul_lantern/03"
        }
      },
      {
        "threshold": 27,
        "model": {
          "type": "minecraft:model",
          "model": "minecraft:item/halloween/soul_lantern/02"
        }
      },
      {
        "threshold": 29,
        "model": {
          "type": "minecraft:model",
          "model": "minecraft:item/halloween/soul_lantern/01"
        }
      },
      {
        "threshold": 31,
        "model": {
          "type": "minecraft:model",
          "model": "minecraft:item/halloween/soul_lantern/00"
        }
      }
    ]
  }
}