{
  "model": {
    "type": "minecraft:condition",
    "property": "minecraft:using_item",
    "on_true": {
      "type": "minecraft:composite",
      "models": [
        {
          "type": "minecraft:select",
          "property": "minecraft:display_context",
          "cases": [
            {
              "when": "gui",
              "model": {
                "type": "minecraft:model",
                "model": "item/camera/default"
              }
            },
            {
              "when": "thirdperson_righthand",
              "model": {
                "type": "minecraft:model",
                "model": "item/camera/default"
              }
            },
            {
              "when": "thirdperson_lefthand",
              "model": {
                "type": "minecraft:model",
                "model": "item/camera/default"
              }
            }
          ]
        },
        {
          "type": "minecraft:range_dispatch",
          "property": "minecraft:use_duration",
          "scale": 0.05,
          "entries": [
            {
              "threshold": 0.3,
              "model": {
                "type": "minecraft:model",
                "model": "item/camera/ui"
              }
            }
          ],
          "fallback": {
            "type": "minecraft:model",
            "model": "item/camera/default"
          }
        }
      ]
    },
    "on_false": {
      "type": "minecraft:model",
      "model": "item/camera/default"
    }
  }
}